AB10 1AR;;Town House;Broad Street;Aberdeen City;ABERDEEN;SCOTLAND;SCO
BN2 4ND;;;;The city of Brighton;BRIGHTON;ENGLAND;ENG
BT14 6PQ;40;;Wallasey Park;Belfast;BELFAST;NORTHERN IRELAND;IRL
BT53 7QQ;1;;Grove Park;Balnamore;BALLYMONEY;NORTHERN IRELAND;IRL
CF14 1UF;130;;Pantbach Road;Cardiff;CARDIFF;WALES;WLS
DT3 5DW;;Mill Cottage;Mill Street;Weymouth;WEYMOUTH;ENGLAND;ENG
GL4 3HD;;Barnwood Bowling Club;Barnwood Road;Gloucester;GLOUCESTER;ENGLAND;ENG
L37 2LF;1;;Elmdale Close;Formby;LIVERPOOL;ENGLAND;ENG
L37 5AG;;;Lord Sefton Way;Liverpool;LIVERPOOL;ENGLAND;ENG
M40 1QH;1;;Sparth Road;Manchester;MANCHESTER;ENGLAND;ENG
N3 2DN;104;;Ballards Lane;London;LONDON;ENGLAND;ENG
NG20 0JF;;Acorns;Oakfield Lane;Warsop;MANSFIELD;ENGLAND;ENG
NG25 0UZ;1;;Manor Drive;Morton;SOUTHWELL;ENGLAND;ENG
KY13 8AN;;Andrew William Kitchen Designs;High Street;Kinross;KINROSS;ENGLAND;ENG
FK7 0QT;1;;Maclean Court;Stirling;STIRLING;SCOTLAND;SCO
DY11 6NH;22;; Poplar Road;Kidderminster;KIDDERMINSTER;ENGLAND;ENG
DE45 1DY;1;;Brookside;Bakewell;BAKEWELL;ENGLAND;ENG
CT19 4BJ;1;; St. Francis Road;Folkestone;FOLKESTONE;ENGLAND;ENG
CO7 6SS;;Bolingbrook;Gaston Street;East Bergholt;COLCHESTER;ENGLAND;ENG
CM14 4XA;1;;Wellesley Road;Brentwood;BRENTWOOD;ENGLAND;ENG
CH46 0QA;1;;Tenby Drive;Wirral;WIRRAL;ENGLAND;ENG
CB9 9JQ;25;;Arrendene Road;Haverhill;Suffolk;ENGLAND;ENG
AL4 0UL;5;; Oakwood Drive;ST. ALBANS;ST. ALBANS;ENGLAND;ENG
BA3 4HS;1;; Upper Pitching;Chilcompton;RADSTOCK;ENGLAND;ENG
BD12 7DY;696;; Bradford Road;Oakenshaw;BRADFORD;ENGLAND;ENG
CF10 4XR;;Howard Palser Grossman Hermer & Partners;PO Box 465;CARDIFF;CARDIFF;WALES;WLS
CF72 9UU;1;;Powell Drive;Llanharan;PONTYCLUN;WALES;WLS
CT11 7SB;;Bike Bits; Central Road;RAMSGATE;RAMSGATE;ENGLAND;ENG
CV13 0JT;;Market Bosworth High School & Community College;Back Lane;Market Bosworth;NUNEATON;ENGLAND;ENG
LN12 2DQ;36;; Seacroft Road;MABLETHORPE;MABLETHORPE;ENGLAND;ENG
LN12 2DQ;37;; Seacroft Road;MABLETHORPE;MABLETHORPE;ENGLAND;ENG
LN12 2DQ;38;; Seacroft Road;MABLETHORPE;MABLETHORPE;ENGLAND;ENG
LN12 2DQ;39;; Seacroft Road;MABLETHORPE;MABLETHORPE;ENGLAND;ENG
LN12 2DQ;40;; Seacroft Road;MABLETHORPE;MABLETHORPE;ENGLAND;ENG
LN12 2DQ;41;; Seacroft Road;MABLETHORPE;MABLETHORPE;ENGLAND;ENG
LN12 2DQ;42;; Seacroft Road;MABLETHORPE;MABLETHORPE;ENGLAND;ENG
LN12 2DQ;43;; Seacroft Road;MABLETHORPE;MABLETHORPE;ENGLAND;ENG
LN12 2DQ;44;; Seacroft Road;MABLETHORPE;MABLETHORPE;ENGLAND;ENG
